{
  "resourceType": "AdministrableProductDefinition",
  "id": "Zinacef-750mg-Powder-SE-IS-AdministrableProductDefinition",
  "meta": {
    "profile": [
      "http://unicom-project.eu/fhir/StructureDefinition/PPLAdministrableProductDefinition"
    ]
  },
  "status": "active",
  "formOf": [
    {
      "reference": "MedicinalProductDefinition/Zinacef-750mg-Powder-SE-IS-MedicinalProductDefinition"
    }
  ],
  "administrableDoseForm": {
    "coding": [
      {
        "code": "100000074038",
        "system": "https://spor.ema.europa.eu/v1/lists/200000000004",
        "display": "Solution for injection/infusion"
      }
    ]
  },
  "producedFrom": [
    {
      "reference": "ManufacturedItemDefinition/Zinacef-750mg-Powder-SE-IS-ManufacturedItemDefinition"
    }
  ],
  "routeOfAdministration": [
    {
      "code": {
        "coding": [
          {
            "code": "100000073600",
            "system": "https://spor.ema.europa.eu/v1/lists/100000073345",
            "display": "Intramuscular use"
          },
          {
            "code": "100000073611",
            "system": "https://spor.ema.europa.eu/v1/lists/100000073345",
            "display": "Intravenous use"
          }
        ]
      }
    }
  ]
}
