{
  "resourceType": "AdministrableProductDefinition",
  "id": "Stesolid-10mg-Solution-SE-IS-AdministrableProductDefinition",
  "meta": {
    "profile": [
      "http://unicom-project.eu/fhir/StructureDefinition/PPLAdministrableProductDefinition"
    ]
  },
  "status": "active",
  "formOf": [
    {
      "reference": "MedicinalProductDefinition/Stesolid-10mg-Solution-SE-IS-MedicinalProductDefinition"
    }
  ],
  "administrableDoseForm": {
    "coding": [
      {
        "code": "100000073829",
        "system": "https://spor.ema.europa.eu/v1/lists/200000000004",
        "display": "Rectal solution"
      }
    ]
  },
  "producedFrom": [
    {
      "reference": "ManufacturedItemDefinition/Stesolid-10mg-Solution-SE-IS-ManufacturedItemDefinition"
    }
  ],
  "routeOfAdministration": [
    {
      "code": {
        "coding": [
          {
            "code": "100000073628",
            "system": "https://spor.ema.europa.eu/v1/lists/100000073345",
            "display": "Retal use"
          }
        ]
      }
    }
  ]
}
