{
  "resourceType": "AdministrableProductDefinition",
  "id": "InfluvacTetra-0.5ml-Suspension-SE-AJ-AdministrableProductDef",
  "meta": {
    "profile": [
      "http://unicom-project.eu/fhir/StructureDefinition/PPLAdministrableProductDefinition"
    ]
  },
  "status": "active",
  "formOf": [
    {
      "reference": "MedicinalProductDefinition/InfluvacTetra-0.5ml-Suspension-SE-AJ-MedicinalProductDefinition"
    }
  ],
  "administrableDoseForm": {
    "coding": [
      {
        "code": "100000073864",
        "system": "https://spor.ema.europa.eu/v1/lists/200000000004",
        "display": "Suspension for injection"
      }
    ]
  },
  "producedFrom": [
    {
      "reference": "ManufacturedItemDefinition/InfluvacTetra-0.5ml-Suspension-SE-AJ-ManufacturedItemDefinition"
    }
  ],
  "routeOfAdministration": [
    {
      "code": {
        "coding": [
          {
            "code": "100000073600",
            "system": "https://spor.ema.europa.eu/v1/lists/100000073345",
            "display": "Intramuscular use"
          }
        ]
      }
    },
    {
      "code": {
        "coding": [
          {
            "code": "100000073633",
            "system": "https://spor.ema.europa.eu/v1/lists/100000073345",
            "display": "Subcutaneous use"
          }
        ]
      }
    }
  ]
}
