{
  "resourceType": "AdministrableProductDefinition",
  "id": "Triolif-Mint-Lozenge-SE-AJ-AdministrableProductDefinition",
  "meta": {
    "profile": [
      "http://unicom-project.eu/fhir/StructureDefinition/PPLAdministrableProductDefinition"
    ]
  },
  "status": "active",
  "formOf": [
    {
      "reference": "MedicinalProductDefinition/Triolif-Mint-Lozenge-SE-AJ-MedicinalProductDefinition"
    }
  ],
  "administrableDoseForm": {
    "coding": [
      {
        "code": "100000073703",
        "system": "https://spor.ema.europa.eu/v1/lists/200000000004",
        "display": "Lozenge"
      }
    ]
  },
  "producedFrom": [
    {
      "reference": "ManufacturedItemDefinition/Triolif-Mint-Lozenge-SE-AJ-ManufacturedItemDefinition"
    }
  ],
  "routeOfAdministration": [
    {
      "code": {
        "coding": [
          {
            "code": "100000073621",
            "system": "https://spor.ema.europa.eu/v1/lists/100000073345",
            "display": "Oropharyngeal use"
          }
        ]
      }
    },
    {
      "code": {
        "coding": [
          {
            "code": "100000073620",
            "system": "https://spor.ema.europa.eu/v1/lists/100000073345",
            "display": "Oromucosal use"
          }
        ]
      }
    }
  ]
}
