{
  "resourceType": "AdministrableProductDefinition",
  "id": "Tapin-2525-Cream-SE-AJ-AdministrableProductDefinition",
  "meta": {
    "profile": [
      "http://unicom-project.eu/fhir/StructureDefinition/PPLAdministrableProductDefinition"
    ]
  },
  "status": "active",
  "formOf": [
    {
      "reference": "MedicinalProductDefinition/Tapin-2525-Cream-SE-AJ-MedicinalProductDefinition"
    }
  ],
  "administrableDoseForm": {
    "coding": [
      {
        "code": "100000073712",
        "system": "https://spor.ema.europa.eu/v1/lists/200000000004",
        "display": "Cream"
      }
    ]
  },
  "producedFrom": [
    {
      "reference": "ManufacturedItemDefinition/Tapin-2525-Cream-SE-AJ-ManufacturedItemDefinition"
    }
  ],
  "routeOfAdministration": [
    {
      "code": {
        "coding": [
          {
            "code": "100000073566",
            "system": "https://spor.ema.europa.eu/v1/lists/100000073345",
            "display": "Cutaneous use"
          }
        ]
      }
    }
  ]
}
