{
  "resourceType": "AdministrableProductDefinition",
  "id": "Suscard25mgbuckaltablett-SE-PLC-AdminProductDef",
  "meta": {
    "profile": [
      "http://unicom-project.eu/fhir/StructureDefinition/PPLAdministrableProductDefinition"
    ]
  },
  "status": "active",
  "formOf": [
    {
      "reference": "MedicinalProductDefinition/Suscard25mgbuckaltablett-SE-PLC-MedicinalProductDef"
    }
  ],
  "administrableDoseForm": {
    "coding": [
      {
        "code": "100000073699",
        "system": "https://spor.ema.europa.eu/v1/lists/200000000004",
        "display": "Buccal tablet"
      }
    ]
  },
  "producedFrom": [
    {
      "reference": "ManufacturedItemDefinition/Suscard25mgbuckaltablett-SE-PLC-ManufacturedItemDef"
    }
  ],
  "routeOfAdministration": [
    {
      "code": {
        "coding": [
          {
            "code": "100000075275",
            "system": "https://spor.ema.europa.eu/v1/lists/100000073345",
            "display": "Buccal use"
          }
        ]
      }
    }
  ]
}
