{
  "resourceType": "AdministrableProductDefinition",
  "id": "Zeldox20mgmlpulvervatskainjek-SE-PLC-AdminProductDef",
  "meta": {
    "profile": [
      "http://unicom-project.eu/fhir/StructureDefinition/PPLAdministrableProductDefinition"
    ]
  },
  "status": "active",
  "formOf": [
    {
      "reference": "MedicinalProductDefinition/Zeldox20mgmlpulvervatskainjek-SE-PLC-MedicinalProductDef"
    }
  ],
  "administrableDoseForm": {
    "coding": [
      {
        "code": "100000073863",
        "system": "https://spor.ema.europa.eu/v1/lists/200000000004",
        "display": "Solution for injection"
      }
    ]
  },
  "producedFrom": [
    {
      "reference": "ManufacturedItemDefinition/Zeldox20mgmlpulvervatskainjek-SE-PLC-ManufacturedItemDef01"
    },
    {
      "reference": "ManufacturedItemDefinition/Zeldox20mgmlpulvervatskainjek-SE-PLC-ManufacturedItemDef02"
    }
  ],
  "routeOfAdministration": [
    {
      "code": {
        "coding": [
          {
            "code": "100000073600",
            "system": "https://spor.ema.europa.eu/v1/lists/100000073345",
            "display": "Intramuscular use"
          }
        ]
      }
    }
  ]
}
