{
  "resourceType": "AdministrableProductDefinition",
  "id": "Dicuno50mgFilmtablet-SE-PLC-AdminProductDef",
  "meta": {
    "profile": [
      "http://unicom-project.eu/fhir/StructureDefinition/PPLAdministrableProductDefinition"
    ]
  },
  "status": "active",
  "formOf": [
    {
      "reference": "MedicinalProductDefinition/Dicuno50mgFilmtablet-SE-PLC-MedicinalProductDef"
    }
  ],
  "administrableDoseForm": {
    "coding": [
      {
        "code": "100000073665",
        "system": "https://spor.ema.europa.eu/v1/lists/200000000004",
        "display": "Film-coated tablet"
      }
    ]
  },
  "producedFrom": [
    {
      "reference": "ManufacturedItemDefinition/Dicuno50mgFilmtablet-SE-PLC-ManufacturedItemDef"
    }
  ],
  "routeOfAdministration": [
    {
      "code": {
        "coding": [
          {
            "code": "100000073619",
            "system": "https://spor.ema.europa.eu/v1/lists/100000073345",
            "display": "Oral use"
          }
        ]
      }
    }
  ]
}
