{
  "resourceType": "AdministrableProductDefinition",
  "id": "Sendolor-1mgml-InfSolution-SE-BS-AdministrableProductDefinition",
  "meta": {
    "profile": [
      "http://unicom-project.eu/fhir/StructureDefinition/PPLAdministrableProductDefinition"
    ]
  },
  "status": "active",
  "formOf": [
    {
      "reference": "MedicinalProductDefinition/Sendolor-1mgml-InfSolution-SE-BS-MedicinalProductDefinition"
    }
  ],
  "administrableDoseForm": {
    "coding": [
      {
        "code": "100000073870",
        "system": "https://spor.ema.europa.eu/v1/lists/200000000004",
        "display": "Solution for infusion"
      }
    ]
  },
  "producedFrom": [
    {
      "reference": "ManufacturedItemDefinition/Sendolor-1mgml-InfSolution-SE-BS-ManufacturedItemDefinition"
    }
  ],
  "routeOfAdministration": [
    {
      "code": {
        "coding": [
          {
            "code": "100000073633",
            "system": "https://spor.ema.europa.eu/v1/lists/100000073345",
            "display": "Subcutaneous use"
          },
          {
            "code": "100000073600",
            "system": "https://spor.ema.europa.eu/v1/lists/100000073345",
            "display": "Intramuscular use"
          },
          {
            "code": "100000073611",
            "system": "https://spor.ema.europa.eu/v1/lists/100000073345",
            "display": "Intravenous use"
          },
          {
            "code": "100000073572",
            "system": "https://spor.ema.europa.eu/v1/lists/100000073345",
            "display": "Epidural use"
          },
          {
            "code": "100000073608",
            "system": "https://spor.ema.europa.eu/v1/lists/100000073345",
            "display": "Intrathecal use"
          }
        ]
      }
    }
  ]
}
