{
  "resourceType": "AdministrableProductDefinition",
  "id": "BuprenorphineOri-8mg-Tablet-SE-BS-AdministrableProductDef",
  "meta": {
    "profile": [
      "http://unicom-project.eu/fhir/StructureDefinition/PPLAdministrableProductDefinition"
    ]
  },
  "status": "active",
  "formOf": [
    {
      "reference": "MedicinalProductDefinition/BuprenorphineOri-8mg-Tablet-SE-BS-MedicinalProductDefinition"
    }
  ],
  "administrableDoseForm": {
    "coding": [
      {
        "code": "100000073698",
        "system": "https://spor.ema.europa.eu/v1/lists/200000000004",
        "display": "Sublingual tablet"
      }
    ]
  },
  "producedFrom": [
    {
      "reference": "ManufacturedItemDefinition/BuprenorphineOri-8mg-Tablet-SE-BS-ManufacturedItemDefinition"
    }
  ],
  "routeOfAdministration": [
    {
      "code": {
        "coding": [
          {
            "code": "100000073634",
            "system": "https://spor.ema.europa.eu/v1/lists/100000073345",
            "display": "Sublingual use"
          }
        ]
      }
    }
  ]
}
