{
  "resourceType": "ManufacturedItemDefinition",
  "id": "Triolif-Mint-Lozenge-SE-AJ-ManufacturedItemDefinition",
  "meta": {
    "profile": [
      "http://unicom-project.eu/fhir/StructureDefinition/PPLManufacturedItemDefinition"
    ]
  },
  "status": "active",
  "manufacturedDoseForm": {
    "coding": [
      {
        "code": "100000073703",
        "system": "https://spor.ema.europa.eu/v1/lists/200000000004",
        "display": "Lozenge"
      }
    ]
  },
  "unitOfPresentation": {
    "coding": [
      {
        "code": "200000002128",
        "system": "https://spor.ema.europa.eu/v1/lists/200000000014",
        "display": "Lozenge"
      }
    ]
  }
}
