{
  "resourceType": "ManufacturedItemDefinition",
  "id": "Ventoline2mgmllosningnebulisator-SE-PLC-ManufacturedItemDef",
  "meta": {
    "profile": [
      "http://unicom-project.eu/fhir/StructureDefinition/PPLManufacturedItemDefinition"
    ]
  },
  "status": "active",
  "manufacturedDoseForm": {
    "coding": [
      {
        "code": "100000073835",
        "system": "https://spor.ema.europa.eu/v1/lists/200000000004",
        "display": "Nebuliser solution"
      }
    ]
  },
  "unitOfPresentation": {
    "coding": [
      {
        "code": "200000002139",
        "system": "https://spor.ema.europa.eu/v1/lists/200000000014",
        "display": "Pipette"
      }
    ]
  }
}
