{
  "resourceType": "ManufacturedItemDefinition",
  "id": "Dolcontin-5mg-Tablet-SE-BS-ManufacturedItemDefinition",
  "meta": {
    "profile": [
      "http://unicom-project.eu/fhir/StructureDefinition/PPLManufacturedItemDefinition"
    ]
  },
  "status": "active",
  "manufacturedDoseForm": {
    "coding": [
      {
        "code": "100000073683",
        "system": "https://spor.ema.europa.eu/v1/lists/200000000004",
        "display": "Prolonged-release tablet"
      }
    ]
  },
  "unitOfPresentation": {
    "coding": [
      {
        "code": "200000002152",
        "system": "https://spor.ema.europa.eu/v1/lists/200000000014",
        "display": "Tablet"
      }
    ]
  }
}
