{
  "resourceType": "ManufacturedItemDefinition",
  "id": "EMLA-2525-Cream-SE-AJ-ManufacturedItemDefinition",
  "meta": {
    "profile": [
      "http://unicom-project.eu/fhir/StructureDefinition/PPLManufacturedItemDefinition"
    ]
  },
  "status": "active",
  "manufacturedDoseForm": {
    "coding": [
      {
        "code": "100000073712",
        "system": "https://spor.ema.europa.eu/v1/lists/200000000004",
        "display": "Cream"
      }
    ]
  },
  "unitOfPresentation": {
    "coding": [
      {
        "code": "200000002156",
        "system": "https://spor.ema.europa.eu/v1/lists/200000000014",
        "display": "Tube"
      }
    ]
  }
}
