{
  "resourceType": "ManufacturedItemDefinition",
  "id": "Sendolor-1mgml-InfSolution-SE-BS-ManufacturedItemDefinition",
  "meta": {
    "profile": [
      "http://unicom-project.eu/fhir/StructureDefinition/PPLManufacturedItemDefinition"
    ]
  },
  "status": "active",
  "manufacturedDoseForm": {
    "coding": [
      {
        "code": "100000073870",
        "system": "https://spor.ema.europa.eu/v1/lists/200000000004",
        "display": "Solution for infusion"
      }
    ]
  },
  "unitOfPresentation": {
    "coding": [
      {
        "code": "200000002166",
        "system": "https://spor.ema.europa.eu/v1/lists/200000000014",
        "display": "Bag"
      }
    ]
  }
}
