{
  "resourceType": "ManufacturedItemDefinition",
  "id": "EMLA-2525-Plaster-SE-AJ-ManufacturedItemDefinition",
  "meta": {
    "profile": [
      "http://unicom-project.eu/fhir/StructureDefinition/PPLManufacturedItemDefinition"
    ]
  },
  "status": "active",
  "manufacturedDoseForm": {
    "coding": [
      {
        "code": "100000073714",
        "system": "https://spor.ema.europa.eu/v1/lists/200000000004",
        "display": "Medicated plaster"
      }
    ]
  },
  "unitOfPresentation": {
    "coding": [
      {
        "code": "200000002140",
        "system": "https://spor.ema.europa.eu/v1/lists/200000000014",
        "display": "plaster"
      }
    ]
  }
}
