{
  "resourceType": "ManufacturedItemDefinition",
  "id": "DZPdesitin-5mg-Solution-SE-IS-ManufacturedItemDefinition",
  "meta": {
    "profile": [
      "http://unicom-project.eu/fhir/StructureDefinition/PPLManufacturedItemDefinition"
    ]
  },
  "status": "active",
  "manufacturedDoseForm": {
    "coding": [
      {
        "code": "100000073829",
        "system": "https://spor.ema.europa.eu/v1/lists/200000000004",
        "display": "Rectal solution"
      }
    ]
  },
  "unitOfPresentation": {
    "coding": [
      {
        "code": "200000002156",
        "system": "https://spor.ema.europa.eu/v1/lists/200000000014",
        "display": "tube"
      }
    ]
  }
}
