{
  "resourceType": "ManufacturedItemDefinition",
  "id": "LidoAcc-20mgml-InjSol-SE-AJ-ManufacturedItemDefinition",
  "meta": {
    "profile": [
      "http://unicom-project.eu/fhir/StructureDefinition/PPLManufacturedItemDefinition"
    ]
  },
  "status": "active",
  "manufacturedDoseForm": {
    "coding": [
      {
        "code": "100000073863",
        "system": "https://spor.ema.europa.eu/v1/lists/200000000004",
        "display": "Solution for injection"
      }
    ]
  },
  "unitOfPresentation": {
    "coding": [
      {
        "code": "200000002158",
        "system": "https://spor.ema.europa.eu/v1/lists/200000000014",
        "display": "Vial"
      }
    ]
  }
}
