{
  "resourceType": "ManufacturedItemDefinition",
  "id": "Herceptin-150mg-Powder-SE-IS-ManufacturedItemDefinition",
  "meta": {
    "profile": [
      "http://unicom-project.eu/fhir/StructureDefinition/PPLManufacturedItemDefinition"
    ]
  },
  "status": "active",
  "manufacturedDoseForm": {
    "coding": [
      {
        "code": "100000074029",
        "system": "https://spor.ema.europa.eu/v1/lists/200000000004",
        "display": "Powder for concentrate for solution for infusion"
      }
    ]
  },
  "unitOfPresentation": {
    "coding": [
      {
        "code": "200000002158",
        "system": "https://spor.ema.europa.eu/v1/lists/200000000014",
        "display": "Vial"
      }
    ]
  }
}
