{
  "resourceType": "ManufacturedItemDefinition",
  "id": "SandimmunNeoral100mgmlorallos-SE-PLC-ManufacturedItemDef",
  "meta": {
    "profile": [
      "http://unicom-project.eu/fhir/StructureDefinition/PPLManufacturedItemDefinition"
    ]
  },
  "status": "active",
  "manufacturedDoseForm": {
    "coding": [
      {
        "code": "100000073646",
        "system": "https://spor.ema.europa.eu/v1/lists/200000000004",
        "display": "Oral solution"
      }
    ]
  },
  "unitOfPresentation": {
    "coding": [
      {
        "code": "200000002111",
        "system": "https://spor.ema.europa.eu/v1/lists/200000000014",
        "display": "Bottle"
      }
    ]
  }
}
