{
  "resourceType": "ManufacturedItemDefinition",
  "id": "Nitrolingual04mgdossublingualspray-SE-PLC-ManufacturedItemDef",
  "meta": {
    "profile": [
      "http://unicom-project.eu/fhir/StructureDefinition/PPLManufacturedItemDefinition"
    ]
  },
  "status": "active",
  "manufacturedDoseForm": {
    "coding": [
      {
        "code": "100000143499",
        "system": "https://spor.ema.europa.eu/v1/lists/200000000004",
        "display": "Sublingual spray, solution"
      }
    ]
  },
  "unitOfPresentation": {
    "coding": [
      {
        "code": "200000022801",
        "system": "https://spor.ema.europa.eu/v1/lists/200000000014",
        "display": "Canister"
      }
    ]
  }
}
