{
  "resourceType": "ManufacturedItemDefinition",
  "id": "BuprenorSTADA-10perh-Transderm-SE-BS-ManufacturedItemDefinition",
  "meta": {
    "profile": [
      "http://unicom-project.eu/fhir/StructureDefinition/PPLManufacturedItemDefinition"
    ]
  },
  "status": "active",
  "manufacturedDoseForm": {
    "coding": [
      {
        "code": "100000073741",
        "system": "https://spor.ema.europa.eu/v1/lists/200000000004",
        "display": "Transdermal patch"
      }
    ]
  },
  "unitOfPresentation": {
    "coding": [
      {
        "code": "200000002134",
        "system": "https://spor.ema.europa.eu/v1/lists/200000000014",
        "display": "Patch"
      }
    ]
  }
}
