{
  "resourceType": "ManufacturedItemDefinition",
  "id": "Xylocain-100mgml-cutspray-SE-AJ-ManufacturedItemDefinition",
  "meta": {
    "profile": [
      "http://unicom-project.eu/fhir/StructureDefinition/PPLManufacturedItemDefinition"
    ]
  },
  "status": "active",
  "manufacturedDoseForm": {
    "coding": [
      {
        "code": "100000073729",
        "system": "https://spor.ema.europa.eu/v1/lists/200000000004",
        "display": "Cutaneous spray, solution"
      }
    ]
  },
  "unitOfPresentation": {
    "coding": [
      {
        "code": "200000002158",
        "system": "https://spor.ema.europa.eu/v1/lists/200000000014",
        "display": "vial"
      }
    ]
  }
}
