{
  "resourceType": "ManufacturedItemDefinition",
  "id": "Suscard25mgbuckaltablett-SE-PLC-ManufacturedItemDef",
  "meta": {
    "profile": [
      "http://unicom-project.eu/fhir/StructureDefinition/PPLManufacturedItemDefinition"
    ]
  },
  "status": "active",
  "manufacturedDoseForm": {
    "coding": [
      {
        "code": "100000073699",
        "system": "https://spor.ema.europa.eu/v1/lists/200000000004",
        "display": "Buccal tablet"
      }
    ]
  },
  "unitOfPresentation": {
    "coding": [
      {
        "code": "200000002152",
        "system": "https://spor.ema.europa.eu/v1/lists/200000000014",
        "display": "Tablet"
      }
    ]
  }
}
