{
  "resourceType": "ManufacturedItemDefinition",
  "id": "TPTDteva-20mcg80mcl-Solution-SE-IS-ManufacturedItemDefinition",
  "meta": {
    "profile": [
      "http://unicom-project.eu/fhir/StructureDefinition/PPLManufacturedItemDefinition"
    ]
  },
  "status": "active",
  "manufacturedDoseForm": {
    "coding": [
      {
        "code": "100000074039",
        "system": "https://spor.ema.europa.eu/v1/lists/200000000007",
        "display": "Solution for injection in pre-filled pen"
      }
    ]
  },
  "unitOfPresentation": {
    "coding": [
      {
        "code": "200000002135",
        "system": "https://spor.ema.europa.eu/v1/lists/200000000014",
        "display": "Pen"
      }
    ]
  }
}
