{
  "resourceType": "MedicinalProductDefinition",
  "id": "Oxascand-15mg-Tablet-SE-IS-MedicinalProductDefinition",
  "meta": {
    "profile": [
      "http://unicom-project.eu/fhir/StructureDefinition/PPLMedicinalProductDefinition"
    ]
  },
  "identifier": [
    {
      "system": "http://ema.europa.eu/fhir/mpId",
      "value": "SE-100001594-00010744"
    },
    {
      "system": "http://ema.europa.eu/fhir/eurdId",
      "value": "2234"
    }
  ],
  "combinedPharmaceuticalDoseForm": {
    "coding": [
      {
        "code": "100000073664",
        "system": "https://spor.ema.europa.eu/v1/lists/200000000004",
        "display": "Tablet"
      }
    ]
  },
  "domain": {
    "coding": [
      {
        "code": "100000000012",
        "system": "https://spor.ema.europa.eu/v1/lists/100000000004",
        "display": "Human use"
      }
    ]
  },
  "status": {
    "coding": [
      {
        "code": "200000005004",
        "system": "https://spor.ema.europa.eu/v1/lists/200000005003",
        "display": "Current"
      }
    ]
  },
  "indication": "Oxascand påverkar de vid ångestsyndrom vanliga symtomen: ängslan, ångest, rastlöshet och  sömnsvårigheter. Vid depressioner med inslag av nyss nämnda symtom kan Oxascand användas  tillsammans med sedvanliga antidepressiva farmaka. Delirium tremens, predeliriösa tillstånd och akuta abstinenssymtom som ångest, spänning och  excitation i samband med alkoholmissbruk.",
  "legalStatusOfSupply": {
    "coding": [
      {
        "code": "100000072085",
        "system": "https://spor.ema.europa.eu/v1/lists/100000072051",
        "display": "Medicinal product subject to special medical prescription"
      }
    ]
  },
  "classification": [
    {
      "coding": [
        {
          "code": "100000093533",
          "system": "https://spor.ema.europa.eu/v1/lists/100000116677",
          "display": "N05BA04"
        }
      ]
    }
  ],
  "name": [
    {
      "productName": "Oxascand 15 mg Tablett"
    }
  ]
}
