{
  "resourceType": "MedicinalProductDefinition",
  "id": "Xyloproct-RectalOintment-SE-AJ-MedicinalProductDefinition",
  "meta": {
    "profile": [
      "http://unicom-project.eu/fhir/StructureDefinition/PPLMedicinalProductDefinition"
    ]
  },
  "identifier": [
    {
      "system": "http://ema.europa.eu/fhir/mpId",
      "value": "SE-100001718-00008340"
    },
    {
      "system": "http://ema.europa.eu/fhir/eurdId",
      "value": "1679"
    }
  ],
  "combinedPharmaceuticalDoseForm": {
    "coding": [
      {
        "code": "100000073828",
        "system": "https://spor.ema.europa.eu/v1/lists/200000000004",
        "display": "Rectal ointment"
      }
    ]
  },
  "domain": {
    "coding": [
      {
        "code": "100000000012",
        "system": "https://spor.ema.europa.eu/v1/lists/100000000004",
        "display": "Human use"
      }
    ]
  },
  "status": {
    "coding": [
      {
        "code": "200000005004",
        "system": "https://spor.ema.europa.eu/v1/lists/200000005003",
        "display": "Current"
      }
    ]
  },
  "indication": "Xyloproct rektalsalva och Xyloproct suppositorier är avsedda för behandling av vuxna. Behandling av hemorrojder, analtenesmer och analfissurer samt postoperativt efter anorektala ingrepp eller i samband med anorektala explorationer. För egenvård: hemorrojder och ytliga ändtarmsirritationer.",
  "legalStatusOfSupply": {
    "coding": [
      {
        "code": "100000072076",
        "system": "https://spor.ema.europa.eu/v1/lists/100000072051",
        "display": "Medicinal product not subject to medical prescription"
      }
    ]
  },
  "classification": [
    {
      "coding": [
        {
          "code": "100000094927",
          "system": "https://spor.ema.europa.eu/v1/lists/100000093533",
          "display": "C05AA01"
        }
      ]
    }
  ],
  "name": [
    {
      "productName": "Xyloproct Rektalsalva"
    }
  ]
}
