{
  "resourceType": "MedicinalProductDefinition",
  "id": "Ignorin50mgFilmtablet-SE-PLC-MedicinalProductDef",
  "meta": {
    "profile": [
      "http://unicom-project.eu/fhir/StructureDefinition/PPLMedicinalProductDefinition"
    ]
  },
  "identifier": [
    {
      "system": "http://ema.europa.eu/fhir/mpId",
      "value": "SE-100004909-00020690"
    },
    {
      "system": "http://ema.europa.eu/fhir/eurdId",
      "value": "1048"
    }
  ],
  "combinedPharmaceuticalDoseForm": {
    "coding": [
      {
        "code": "100000073665",
        "system": "https://spor.ema.europa.eu/v1/lists/200000000004~200000000006~200000000007~200000000008",
        "display": "Film-coated tablet"
      }
    ]
  },
  "domain": {
    "coding": [
      {
        "code": "100000000012",
        "system": "https://spor.ema.europa.eu/v1/lists/100000000004",
        "display": "Human use"
      }
    ]
  },
  "status": {
    "coding": [
      {
        "code": "200000005004",
        "system": "https://spor.ema.europa.eu/v1/lists/200000005003",
        "display": "Current"
      }
    ]
  },
  "indication": "Symptomatisk behandling av akut inflammatorisk sjukdom i det muskuloskeletala systemet, primär dysmenorré och symptomatisk behandling av akuta anfall av migränhuvudvärk med eller utan aura.",
  "legalStatusOfSupply": {
    "coding": [
      {
        "code": "100000072084",
        "system": "https://spor.ema.europa.eu/v1/lists/100000072051",
        "display": "Medicinal product subject to medical prescription"
      }
    ]
  },
  "classification": [
    {
      "coding": [
        {
          "code": "100000096906",
          "system": "https://spor.ema.europa.eu/v1/lists/100000093533",
          "display": "M01AB05"
        }
      ]
    }
  ],
  "name": [
    {
      "productName": "Ignorin 50 mg filmdragerad tablett"
    }
  ]
}
