{
  "resourceType": "MedicinalProductDefinition",
  "id": "Zinacef-750mg-Powder-SE-IS-MedicinalProductDefinition",
  "meta": {
    "profile": [
      "http://unicom-project.eu/fhir/StructureDefinition/PPLMedicinalProductDefinition"
    ]
  },
  "identifier": [
    {
      "system": "http://ema.europa.eu/fhir/mpId",
      "value": "SE-100000848-00050971"
    },
    {
      "system": "http://ema.europa.eu/fhir/eurdId",
      "value": "615"
    }
  ],
  "combinedPharmaceuticalDoseForm": {
    "coding": [
      {
        "code": "100000116186",
        "system": "https://spor.ema.europa.eu/v1/lists/200000000004",
        "display": "Powder for solution for injection/infusion"
      }
    ]
  },
  "domain": {
    "coding": [
      {
        "code": "100000000012",
        "system": "https://spor.ema.europa.eu/v1/lists/100000000004",
        "display": "Human use"
      }
    ]
  },
  "status": {
    "coding": [
      {
        "code": "200000005004",
        "system": "https://spor.ema.europa.eu/v1/lists/200000005003",
        "display": "Current"
      }
    ]
  },
  "indication": "Zinacef är avsett för behandling av nedanstående infektioner hos vuxna och barn, även nyfödda (från  födelsen). • Samhällsförvärvad pneumoni. • Akut exacerbation av kronisk bronkit. • Komplicerade urinvägsinfektioner, även pyelonefrit. • Mjukdelsinfektioner: cellulit, erysipelas och sårinfektioner. • Intraabdominella infektioner. • Profylax mot infektion inför gastrointestinal (även esofageal), ortopedisk, kardiovaskulär och  gynekologisk operation (även kejsarsnitt).  Vid behandling och förebyggande av infektioner då det är mycket troligt att anaeroba organismer påträffas  ska cefuroxim administreras tillsammans med ett lämpligt antianaerobt antibiotikum.  Hänsyn ska tas till officiella riktlinjer om lämplig användning av antibakteriella medel.",
  "legalStatusOfSupply": {
    "coding": [
      {
        "code": "100000072084",
        "system": "https://spor.ema.europa.eu/v1/lists/100000072051",
        "display": "Medicinal product subject to medical prescription"
      }
    ]
  },
  "classification": [
    {
      "coding": [
        {
          "code": "100000093533",
          "system": "https://spor.ema.europa.eu/v1/lists/100000116677",
          "display": "J01DC02"
        }
      ]
    }
  ],
  "name": [
    {
      "productName": "Zinacef 750 mg Pulver till injektions-/infusionsvätska, lösning"
    }
  ]
}
