{
  "resourceType": "MedicinalProductDefinition",
  "id": "Denela-2525-Cream-SE-AJ-MedicinalProductDefinition",
  "meta": {
    "profile": [
      "http://unicom-project.eu/fhir/StructureDefinition/PPLMedicinalProductDefinition"
    ]
  },
  "identifier": [
    {
      "system": "http://ema.europa.eu/fhir/mpId",
      "value": "SE-100001110-00050703"
    },
    {
      "system": "http://ema.europa.eu/fhir/eurdId",
      "value": "1867"
    }
  ],
  "combinedPharmaceuticalDoseForm": {
    "coding": [
      {
        "code": "100000073712",
        "system": "https://spor.ema.europa.eu/v1/lists/200000000004",
        "display": "Cream"
      }
    ]
  },
  "domain": {
    "coding": [
      {
        "code": "100000000012",
        "system": "https://spor.ema.europa.eu/v1/lists/100000000004",
        "display": "Human use"
      }
    ]
  },
  "status": {
    "coding": [
      {
        "code": "200000005004",
        "system": "https://spor.ema.europa.eu/v1/lists/200000005003",
        "display": "Current"
      }
    ]
  },
  "indication": "Denela är avsedd för: Ytanestesi av huden i samband med: nålstick och injektioner, t.ex. vid inläggning av perifer venkateter eller vid blodprovstagning eller vaccination; ytliga kirurgiska ingrepp, t.ex. laserbehandling eller hårborttagning hos vuxna och den pediatriska populationen Ytanestesi av genitalslemhinnan, t.ex. före ytliga kirurgiska ingrepp eller före lokalbedövning hos vuxna och ungdomar ≥12 år. Ytanestesi av bensår för att underlätta mekanisk rengöring/debridering endast hos vuxna.",
  "legalStatusOfSupply": {
    "coding": [
      {
        "code": "100000072084",
        "system": "https://spor.ema.europa.eu/v1/lists/100000072051",
        "display": "Medicinal product subject to prescription"
      }
    ]
  },
  "classification": [
    {
      "coding": [
        {
          "code": "100000097205",
          "system": "https://spor.ema.europa.eu/v1/lists/100000093533",
          "display": "N01BB20"
        }
      ]
    }
  ],
  "name": [
    {
      "productName": "Denela 25 mg/g + 25 mg/g Kräm"
    }
  ]
}
