{
  "resourceType": "MedicinalProductDefinition",
  "id": "DiklofenakApofri116gel-SE-PLC-MedicinalProductDefinition",
  "meta": {
    "profile": [
      "http://unicom-project.eu/fhir/StructureDefinition/PPLMedicinalProductDefinition"
    ]
  },
  "identifier": [
    {
      "system": "http://ema.europa.eu/fhir/mpId",
      "value": "SE-100002708-00046780"
    },
    {
      "system": "http://ema.europa.eu/fhir/eurdId",
      "value": "10342"
    }
  ],
  "combinedPharmaceuticalDoseForm": {
    "coding": [
      {
        "code": "100000073726",
        "system": "https://spor.ema.europa.eu/v1/lists/200000000004~200000000006~200000000007~200000000008",
        "display": "Gel"
      }
    ]
  },
  "domain": {
    "coding": [
      {
        "code": "100000000012",
        "system": "https://spor.ema.europa.eu/v1/lists/100000000004",
        "display": "Human use"
      }
    ]
  },
  "status": {
    "coding": [
      {
        "code": "200000005004",
        "system": "https://spor.ema.europa.eu/v1/lists/200000005003",
        "display": "Current"
      }
    ]
  },
  "indication": " Diklofenak Apofri 11.6 mg/g gel används för symtomatisk behandling av lokala smärttillstånd av lätt till måttlig intensitet i samband med muskel och ledskador, t.ex. sportskador. För användning av vuxna och barn över 14 år.",
  "legalStatusOfSupply": {
    "coding": [
      {
        "code": "100000072076",
        "system": "https://spor.ema.europa.eu/v1/lists/100000072051",
        "display": "Medicinal product not subject to medical prescription"
      }
    ]
  },
  "classification": [
    {
      "coding": [
        {
          "code": "100000097012",
          "system": "https://spor.ema.europa.eu/v1/lists/100000093533",
          "display": "M02AA15"
        }
      ]
    }
  ],
  "name": [
    {
      "productName": "Diklofenak Apofri 11.6 mg/g gel"
    }
  ]
}
