{
  "resourceType": "MedicinalProductDefinition",
  "id": "CMImylan-25mg-Tablet-SE-IS-MedicinalProductDefinition",
  "meta": {
    "profile": [
      "http://unicom-project.eu/fhir/StructureDefinition/PPLMedicinalProductDefinition"
    ]
  },
  "identifier": [
    {
      "system": "http://ema.europa.eu/fhir/mpId",
      "value": "SE-100004079-00011340"
    },
    {
      "system": "http://ema.europa.eu/fhir/eurdId",
      "value": "811"
    }
  ],
  "combinedPharmaceuticalDoseForm": {
    "coding": [
      {
        "code": "100000073664",
        "system": "https://spor.ema.europa.eu/v1/lists/200000000004",
        "display": "Tablet"
      }
    ]
  },
  "domain": {
    "coding": [
      {
        "code": "100000000012",
        "system": "https://spor.ema.europa.eu/v1/lists/100000000004",
        "display": "Human use"
      }
    ]
  },
  "status": {
    "coding": [
      {
        "code": "200000005004",
        "system": "https://spor.ema.europa.eu/v1/lists/200000005003",
        "display": "Current"
      }
    ]
  },
  "indication": "Egentlig depression med melankoli. Djupa eller långvariga egentliga depressioner utan  melankoli. Paniksyndrom med eller utan agorafobi. Agorafobi. Tvångstillstånd. Associerade  symtom vid narkolepsi (speciellt kataplexi, sömnparalys och hypnagoga hallucinationer).  Idiopatiskt smärtsyndrom med depressiva symtom.",
  "legalStatusOfSupply": {
    "coding": [
      {
        "code": "100000072084",
        "system": "https://spor.ema.europa.eu/v1/lists/100000072051",
        "display": "Medicinal product subject to medical prescription"
      }
    ]
  },
  "classification": [
    {
      "coding": [
        {
          "code": "100000093533",
          "system": "https://spor.ema.europa.eu/v1/lists/100000116677",
          "display": "N06AA04"
        }
      ]
    }
  ],
  "name": [
    {
      "productName": "Klomipramin Mylan 25 mg Tablett"
    }
  ]
}
