{
  "resourceType": "MedicinalProductDefinition",
  "id": "NitroglycerinAbicurinfu-SE-PLC-MedicinalProductDef",
  "meta": {
    "profile": [
      "http://unicom-project.eu/fhir/StructureDefinition/PPLMedicinalProductDefinition"
    ]
  },
  "identifier": [
    {
      "system": "http://ema.europa.eu/fhir/mpId",
      "value": "SE-100000508-00049668"
    },
    {
      "system": "http://ema.europa.eu/fhir/eurdId",
      "value": "1552"
    }
  ],
  "combinedPharmaceuticalDoseForm": {
    "coding": [
      {
        "code": "100000073870",
        "system": "https://spor.ema.europa.eu/v1/lists/200000000004~200000000006~200000000007~200000000008",
        "display": "Solution for infusion"
      }
    ]
  },
  "domain": {
    "coding": [
      {
        "code": "100000000012",
        "system": "https://spor.ema.europa.eu/v1/lists/100000000004",
        "display": "Human use"
      }
    ]
  },
  "status": {
    "coding": [
      {
        "code": "200000005004",
        "system": "https://spor.ema.europa.eu/v1/lists/200000005003",
        "display": "Current"
      }
    ]
  },
  "indication": "Tillstånd med myokardischemi. Hjärtsvikt, speciellt vänsterkammarsvikt med förhöjda fyllnadstryck. Blodtrycksreglering dels vid akut hypertension, dels för kontrollerad hypotension vid operationer.",
  "legalStatusOfSupply": {
    "coding": [
      {
        "code": "100000072084",
        "system": "https://spor.ema.europa.eu/v1/lists/100000072051",
        "display": "Medicinal product subject to medical prescription"
      }
    ]
  },
  "classification": [
    {
      "coding": [
        {
          "code": "100000094611",
          "system": "https://spor.ema.europa.eu/v1/lists/100000093533",
          "display": "C01DA02"
        }
      ]
    }
  ],
  "name": [
    {
      "productName": "Nitroglycerin Abcur, infusionsvätska, lösning 1 mg/ml"
    }
  ]
}
