{
  "resourceType": "MedicinalProductDefinition",
  "id": "Lido4-Fluor25-EyeDropsSol-SE-AJ-MedicinalProductDefinition",
  "meta": {
    "profile": [
      "http://unicom-project.eu/fhir/StructureDefinition/PPLMedicinalProductDefinition"
    ]
  },
  "identifier": [
    {
      "system": "http://ema.europa.eu/fhir/mpId",
      "value": "SE-100034011-00010114"
    },
    {
      "system": "http://ema.europa.eu/fhir/eurdId",
      "value": "9213"
    }
  ],
  "combinedPharmaceuticalDoseForm": {
    "coding": [
      {
        "code": "100000073997",
        "system": "https://spor.ema.europa.eu/v1/lists/200000000007",
        "display": "Eye drops, solution in single-dose container"
      }
    ]
  },
  "domain": {
    "coding": [
      {
        "code": "100000000012",
        "system": "https://spor.ema.europa.eu/v1/lists/100000000004",
        "display": "Human use"
      }
    ]
  },
  "status": {
    "coding": [
      {
        "code": "200000005004",
        "system": "https://spor.ema.europa.eu/v1/lists/200000005003",
        "display": "Current"
      }
    ]
  },
  "indication": "Applanationstonometri. Diagnostisk infärgning med en samtidig tillförsel av ett kortverkande anestetikum.",
  "legalStatusOfSupply": {
    "coding": [
      {
        "code": "100000072084",
        "system": "https://spor.ema.europa.eu/v1/lists/100000072051",
        "display": "Medicinal product subject to medical prescription"
      }
    ]
  },
  "classification": [
    {
      "coding": [
        {
          "code": "100000098587",
          "system": "https://spor.ema.europa.eu/v1/lists/100000093533",
          "display": "S01JA51"
        }
      ]
    }
  ],
  "name": [
    {
      "productName": "Lidokain-Fluorescein Bausch & Lomb 4% + 0,25% Ögondroppar, lösning i endosbehållare"
    }
  ]
}
