{
  "resourceType": "MedicinalProductDefinition",
  "id": "Triolif-Mint-Lozenge-SE-AJ-MedicinalProductDefinition",
  "meta": {
    "profile": [
      "http://unicom-project.eu/fhir/StructureDefinition/PPLMedicinalProductDefinition"
    ]
  },
  "identifier": [
    {
      "system": "http://ema.europa.eu/fhir/mpId",
      "value": "SE-xxxxxxxxx-00049612"
    },
    {
      "system": "http://ema.europa.eu/fhir/eurdId",
      "value": "206"
    }
  ],
  "combinedPharmaceuticalDoseForm": {
    "coding": [
      {
        "code": "100000073703",
        "system": "https://spor.ema.europa.eu/v1/lists/200000000004",
        "display": "Lozenge"
      }
    ]
  },
  "domain": {
    "coding": [
      {
        "code": "100000000012",
        "system": "https://spor.ema.europa.eu/v1/lists/100000000004",
        "display": "Human use"
      }
    ]
  },
  "status": {
    "coding": [
      {
        "code": "200000005004",
        "system": "https://spor.ema.europa.eu/v1/lists/200000005003",
        "display": "Current"
      }
    ]
  },
  "indication": "Symptomlindring vid halsont hos vuxna och ungdomar över 12 år",
  "legalStatusOfSupply": {
    "coding": [
      {
        "code": "100000072076",
        "system": "https://spor.ema.europa.eu/v1/lists/100000072051",
        "display": "Medicinal product not subject to medical prescription"
      }
    ]
  },
  "classification": [
    {
      "coding": [
        {
          "code": "100000098045",
          "system": "https://spor.ema.europa.eu/v1/lists/100000093533",
          "display": "R02AA20"
        }
      ]
    }
  ],
  "name": [
    {
      "productName": "Triolif Mint Sugtablett"
    }
  ]
}
