{
  "resourceType": "MedicinalProductDefinition",
  "id": "DepoMedrolcumLido-4010-SE-AJ-MedicinalProductDefinition",
  "meta": {
    "profile": [
      "http://unicom-project.eu/fhir/StructureDefinition/PPLMedicinalProductDefinition"
    ]
  },
  "identifier": [
    {
      "system": "http://ema.europa.eu/fhir/mpId",
      "value": "SE-100001390-00009493"
    },
    {
      "system": "http://ema.europa.eu/fhir/eurdId",
      "value": "1879"
    }
  ],
  "combinedPharmaceuticalDoseForm": {
    "coding": [
      {
        "code": "100000073864",
        "system": "https://spor.ema.europa.eu/v1/lists/200000000004",
        "display": "Suspension for injection"
      }
    ]
  },
  "domain": {
    "coding": [
      {
        "code": "100000000012",
        "system": "https://spor.ema.europa.eu/v1/lists/100000000004",
        "display": "Human use"
      }
    ]
  },
  "status": {
    "coding": [
      {
        "code": "200000005004",
        "system": "https://spor.ema.europa.eu/v1/lists/200000005003",
        "display": "Current"
      }
    ]
  },
  "indication": "Periartikulära inflammatoriska tillstånd, t.ex. epikondylit och tendinit.",
  "legalStatusOfSupply": {
    "coding": [
      {
        "code": "100000072084",
        "system": "https://spor.ema.europa.eu/v1/lists/100000072051",
        "display": "Medicinal product subject to medical prescription"
      }
    ]
  },
  "classification": [
    {
      "coding": [
        {
          "code": "100000096038",
          "system": "https://spor.ema.europa.eu/v1/lists/100000093533",
          "display": "H02AB04"
        }
      ]
    }
  ],
  "name": [
    {
      "productName": "Depo-Medrol cum lidocain 40 mg/ml+10 mg/ml Injektionsvätska, suspension"
    }
  ]
}
