{
  "resourceType": "MedicinalProductDefinition",
  "id": "Aprokam-50mg-Powder-SE-IS-MedicinalProductDefinition",
  "meta": {
    "profile": [
      "http://unicom-project.eu/fhir/StructureDefinition/PPLMedicinalProductDefinition"
    ]
  },
  "identifier": [
    {
      "system": "http://ema.europa.eu/fhir/mpId",
      "value": "SE-100001677-00046149"
    },
    {
      "system": "http://ema.europa.eu/fhir/eurdId",
      "value": "615"
    }
  ],
  "combinedPharmaceuticalDoseForm": {
    "coding": [
      {
        "code": "100000073866",
        "system": "https://spor.ema.europa.eu/v1/lists/200000000004",
        "display": "Powder for solution for injection"
      }
    ]
  },
  "domain": {
    "coding": [
      {
        "code": "100000000012",
        "system": "https://spor.ema.europa.eu/v1/lists/100000000004",
        "display": "Human use"
      }
    ]
  },
  "status": {
    "coding": [
      {
        "code": "200000005004",
        "system": "https://spor.ema.europa.eu/v1/lists/200000005003",
        "display": "Current"
      }
    ]
  },
  "indication": "Antibiotikaprofylax mot postoperativ endoftalmit efter kataraktoperation. Beakta de officiella riktlinjerna gällande korrekt användning av antibakteriella läkemedel, inkluderande riktlinjer för antibiotikaprofylax vid ögonkirurgi. ",
  "legalStatusOfSupply": {
    "coding": [
      {
        "code": "100000072084",
        "system": "https://spor.ema.europa.eu/v1/lists/100000072051",
        "display": "Medicinal product subject to medical prescription"
      }
    ]
  },
  "classification": [
    {
      "coding": [
        {
          "code": "100000093533",
          "system": "https://spor.ema.europa.eu/v1/lists/100000116677",
          "display": "S01AA27"
        }
      ]
    }
  ],
  "name": [
    {
      "productName": "Aprokam 50 mg Pulver till injektionsvätska, lösning"
    }
  ]
}
