{
  "resourceType": "MedicinalProductDefinition",
  "id": "Mydrane-InjSol-SE-AJ-MedicinalProductDefinition",
  "meta": {
    "profile": [
      "http://unicom-project.eu/fhir/StructureDefinition/PPLMedicinalProductDefinition"
    ]
  },
  "identifier": [
    {
      "system": "http://ema.europa.eu/fhir/mpId",
      "value": "SE-100001677-00051088"
    },
    {
      "system": "http://ema.europa.eu/fhir/eurdId",
      "value": "10390"
    }
  ],
  "combinedPharmaceuticalDoseForm": {
    "coding": [
      {
        "code": "100000073863",
        "system": "https://spor.ema.europa.eu/v1/lists/200000000004",
        "display": "Solution for injection"
      }
    ]
  },
  "domain": {
    "coding": [
      {
        "code": "100000000012",
        "system": "https://spor.ema.europa.eu/v1/lists/100000000004",
        "display": "Human use"
      }
    ]
  },
  "status": {
    "coding": [
      {
        "code": "200000005004",
        "system": "https://spor.ema.europa.eu/v1/lists/200000005003",
        "display": "Current"
      }
    ]
  },
  "indication": "Mydrane är avsett för kataraktkirurgi för att erhålla mydriasis och intraokulär anestesi under det kirurgiska ingreppet. Mydrane är endast avsett för vuxna.",
  "legalStatusOfSupply": {
    "coding": [
      {
        "code": "100000072084",
        "system": "https://spor.ema.europa.eu/v1/lists/100000072051",
        "display": "Medicinal product subject to medical prescription"
      }
    ]
  },
  "classification": [
    {
      "coding": [
        {
          "code": "100000098543",
          "system": "https://spor.ema.europa.eu/v1/lists/100000093533",
          "display": "S01FA56"
        }
      ]
    }
  ],
  "name": [
    {
      "productName": "Mydrane 0,2 mg/ml + 3,1 mg/ml + 10 mg/ml Injektionsvätska, lösning"
    }
  ]
}
