{
  "resourceType": "MedicinalProductDefinition",
  "id": "Sandimmun50mgmlkoncentrat-SE-PLC-MedicinalProductDef",
  "meta": {
    "profile": [
      "http://unicom-project.eu/fhir/StructureDefinition/PPLMedicinalProductDefinition"
    ]
  },
  "identifier": [
    {
      "system": "http://ema.europa.eu/fhir/mpId",
      "value": "SE-100003469-00010263"
    },
    {
      "system": "http://ema.europa.eu/fhir/eurdId",
      "value": "745"
    }
  ],
  "combinedPharmaceuticalDoseForm": {
    "coding": [
      {
        "code": "100000073871",
        "system": "https://spor.ema.europa.eu/v1/lists/200000000004~200000000006~200000000007~200000000008",
        "display": "Concentrate for solution for infusion"
      }
    ]
  },
  "domain": {
    "coding": [
      {
        "code": "100000000012",
        "system": "https://spor.ema.europa.eu/v1/lists/100000000004",
        "display": "Human use"
      }
    ]
  },
  "status": {
    "coding": [
      {
        "code": "200000005004",
        "system": "https://spor.ema.europa.eu/v1/lists/200000005003",
        "display": "Current"
      }
    ]
  },
  "indication": "Transplantationsindikationer  Organtransplantation  För prevention av transplantatavstötning efter organtransplantation.   Behandling av cellmedierad transplantatavstötning hos patienter som tidigare fått annan immunsuppressiv behandling.   Benmärgstransplantation  För prevention av transplantatavstötning efter allogen benmärgs- och stamcellstransplantation.   Profylax eller behandling av graft-versus-host disease (GVHD).",
  "legalStatusOfSupply": {
    "coding": [
      {
        "code": "100000072084",
        "system": "https://spor.ema.europa.eu/v1/lists/100000072051",
        "display": "Medicinal product subject to medical prescription"
      }
    ]
  },
  "classification": [
    {
      "coding": [
        {
          "code": "100000096879",
          "system": "https://spor.ema.europa.eu/v1/lists/100000093533",
          "display": "L04AD01"
        }
      ]
    }
  ],
  "name": [
    {
      "productName": "Sandimmun 50 mg/ml koncentrat till infusionsvätska, lösning"
    }
  ]
}
