{
  "resourceType": "MedicinalProductDefinition",
  "id": "DZPdesitin-5mg-Solution-SE-IS-MedicinalProductDefinition",
  "meta": {
    "profile": [
      "http://unicom-project.eu/fhir/StructureDefinition/PPLMedicinalProductDefinition"
    ]
  },
  "identifier": [
    {
      "system": "http://ema.europa.eu/fhir/mpId",
      "value": "SE-100000400-00012951"
    },
    {
      "system": "http://ema.europa.eu/fhir/eurdId",
      "value": "1029"
    }
  ],
  "combinedPharmaceuticalDoseForm": {
    "coding": [
      {
        "code": "100000073829",
        "system": "https://spor.ema.europa.eu/v1/lists/200000000004",
        "display": "Rectal solution"
      }
    ]
  },
  "domain": {
    "coding": [
      {
        "code": "100000000012",
        "system": "https://spor.ema.europa.eu/v1/lists/100000000004",
        "display": "Human use"
      }
    ]
  },
  "status": {
    "coding": [
      {
        "code": "200000005004",
        "system": "https://spor.ema.europa.eu/v1/lists/200000005003",
        "display": "Current"
      }
    ]
  },
  "indication": "- Epileptiska kramper och feberkramper - för att lindra muskelkramp orsakad av tetanus - som lugnande medel vid mindre kirurgiska och dentala ingrepp - initial användning vid oro och upprördhet, när påverkan är svår, invalidiserande eller  orsakar patienten extrema obehag.  Diazepam Desitin kan användas för dessa indikationer när man önskar en snabb effekt och när  en intravenös injektion inte är möjlig eller olämplig. Diazepam Desitin kan vara av särskilt värde för omedelbar behandling av kramper hos barn. ",
  "legalStatusOfSupply": {
    "coding": [
      {
        "code": "100000072085",
        "system": "https://spor.ema.europa.eu/v1/lists/100000072051",
        "display": "Medicinal product subject to special medical prescription"
      }
    ]
  },
  "classification": [
    {
      "coding": [
        {
          "code": "100000093533",
          "system": "https://spor.ema.europa.eu/v1/lists/100000116677",
          "display": "N05BA01"
        }
      ]
    }
  ],
  "name": [
    {
      "productName": "Diazepam Desitin 5 mg Rektallösning"
    }
  ]
}
