{
  "resourceType": "MedicinalProductDefinition",
  "id": "Levaxin-200mg-Tablet-SE-BS-MedicinalProductDefinition",
  "meta": {
    "profile": [
      "http://unicom-project.eu/fhir/StructureDefinition/PPLMedicinalProductDefinition"
    ]
  },
  "identifier": [
    {
      "system": "http://ema.europa.eu/fhir/mpId",
      "value": "SE-XXXXXXXXX-00021055"
    },
    {
      "system": "http://ema.europa.eu/fhir/eurdId",
      "value": "1860"
    }
  ],
  "combinedPharmaceuticalDoseForm": {
    "coding": [
      {
        "code": "100000073664",
        "system": "https://spor.ema.europa.eu/v1/lists/200000000004~200000000006~200000000007~200000000008",
        "display": "Tablet"
      }
    ]
  },
  "domain": {
    "coding": [
      {
        "code": "100000000012",
        "system": "https://spor.ema.europa.eu/v1/lists/100000000004",
        "display": "Human use"
      }
    ]
  },
  "status": {
    "coding": [
      {
        "code": "200000005004",
        "system": "https://spor.ema.europa.eu/v1/lists/200000005003",
        "display": "Current"
      }
    ]
  },
  "indication": "Hypotyreos av alla former t ex vid autoimmun tyreoidit, efter radiojod- och kirurgisk terapi av hypertyreos och vid progressiv oftalmopati när den är förenad med hypotyreos.  Som tillägg till tyreostatika vid långtidsbehandling av hypertyreos och vid preoperativ kombinationsbehandling av hypertyreos. Tyreoideacancer. Myxödemkoma. ",
  "legalStatusOfSupply": {
    "coding": [
      {
        "code": "100000072084",
        "system": "https://spor.ema.europa.eu/v1/lists/100000072051",
        "display": "Medicinal product subject to medical prescription"
      }
    ]
  },
  "classification": [
    {
      "coding": [
        {
          "code": "100000096060",
          "system": "https://spor.ema.europa.eu/v1/lists/100000093533",
          "display": "H03AA01"
        }
      ]
    }
  ],
  "name": [
    {
      "productName": "Levaxin 200 mikrogram tablett"
    }
  ]
}
