{
  "resourceType": "MedicinalProductDefinition",
  "id": "TPTDteva-2080-Solution-SE-IS-MedicinalProductDefinition",
  "meta": {
    "profile": [
      "http://unicom-project.eu/fhir/StructureDefinition/PPLMedicinalProductDefinition"
    ]
  },
  "identifier": [
    {
      "system": "http://ema.europa.eu/fhir/mpId",
      "value": "SE-100001594-00053004"
    },
    {
      "system": "http://ema.europa.eu/fhir/eurdId",
      "value": "2903"
    }
  ],
  "combinedPharmaceuticalDoseForm": {
    "coding": [
      {
        "code": "100000074039",
        "system": "https://spor.ema.europa.eu/v1/lists/200000000007",
        "display": "Solution for injection in pre-filled pen"
      }
    ]
  },
  "domain": {
    "coding": [
      {
        "code": "100000000012",
        "system": "https://spor.ema.europa.eu/v1/lists/100000000004",
        "display": "Human use"
      }
    ]
  },
  "status": {
    "coding": [
      {
        "code": "200000005004",
        "system": "https://spor.ema.europa.eu/v1/lists/200000005003",
        "display": "Current"
      }
    ]
  },
  "indication": "Teriparatide Teva är avsett för vuxna. Behandling av osteoporos hos postmenopausala kvinnor och hos män med ökad risk för frakturer (se  avsnitt 5.1). Incidensen vertebrala och icke-vertebrala frakturer reduceras signifikant hos  postmenopausala kvinnor men detta har ej visats för höftfrakturer. Behandling av osteoporos i samband med kronisk systemisk glukokortikoidbehandling hos kvinnor  och män med ökad risk för frakturer (se avsnitt 5.1). ",
  "legalStatusOfSupply": {
    "coding": [
      {
        "code": "100000072084",
        "system": "https://spor.ema.europa.eu/v1/lists/100000072051",
        "display": "Medicinal product subject to medical prescription"
      }
    ]
  },
  "classification": [
    {
      "coding": [
        {
          "code": "100000093533",
          "system": "https://spor.ema.europa.eu/v1/lists/100000116677",
          "display": "H05AA02"
        }
      ]
    }
  ],
  "name": [
    {
      "productName": "Teriparatide Teva 20 mikrogram/80 mikroliter Injektionsvätska, lösning i förf. injektionspenna"
    }
  ]
}
