{
  "resourceType": "MedicinalProductDefinition",
  "id": "Stesolid-10mg-Solution-SE-IS-MedicinalProductDefinition",
  "meta": {
    "profile": [
      "http://unicom-project.eu/fhir/StructureDefinition/PPLMedicinalProductDefinition"
    ]
  },
  "identifier": [
    {
      "system": "http://ema.europa.eu/fhir/mpId",
      "value": "SE-100000064-00009292"
    },
    {
      "system": "http://ema.europa.eu/fhir/eurdId",
      "value": "1029"
    }
  ],
  "combinedPharmaceuticalDoseForm": {
    "coding": [
      {
        "code": "100000073829",
        "system": "https://spor.ema.europa.eu/v1/lists/200000000004",
        "display": "Rectal solution"
      }
    ]
  },
  "domain": {
    "coding": [
      {
        "code": "100000000012",
        "system": "https://spor.ema.europa.eu/v1/lists/100000000004",
        "display": "Human use"
      }
    ]
  },
  "status": {
    "coding": [
      {
        "code": "200000005004",
        "system": "https://spor.ema.europa.eu/v1/lists/200000005003",
        "display": "Current"
      }
    ]
  },
  "indication": "Stesolid rektallösning är speciellt användbart vid manifesta kramper, som feberkramper, tetanus och  eklampsi, vid status epilepticus samt för premedicinering och sedering. Stesolid rektallösning är  indicerat också i andra akuta situationer då snabb, ångestdämpande eller sederande effekt önskas. ",
  "legalStatusOfSupply": {
    "coding": [
      {
        "code": "100000072085",
        "system": "https://spor.ema.europa.eu/v1/lists/100000072051",
        "display": "Medicinal product subject to special medical prescription"
      }
    ]
  },
  "classification": [
    {
      "coding": [
        {
          "code": "100000093533",
          "system": "https://spor.ema.europa.eu/v1/lists/100000116677",
          "display": "N05BA01"
        }
      ]
    }
  ],
  "name": [
    {
      "productName": "Stesolid® 10 mg Rektallösning"
    }
  ]
}
