{
  "resourceType": "MedicinalProductDefinition",
  "id": "Citodon-1g60mg-Suppository-SE-IS-MedicinalProductDefinition",
  "meta": {
    "profile": [
      "http://unicom-project.eu/fhir/StructureDefinition/PPLMedicinalProductDefinition"
    ]
  },
  "identifier": [
    {
      "system": "http://ema.europa.eu/fhir/mpId",
      "value": "SE-100002766-00011529"
    },
    {
      "system": "http://ema.europa.eu/fhir/eurdId",
      "value": "851"
    }
  ],
  "combinedPharmaceuticalDoseForm": {
    "coding": [
      {
        "code": "100000073843",
        "system": "https://spor.ema.europa.eu/v1/lists/200000000004",
        "display": "Suppository"
      }
    ]
  },
  "domain": {
    "coding": [
      {
        "code": "100000000012",
        "system": "https://spor.ema.europa.eu/v1/lists/100000000004",
        "display": "Human use"
      }
    ]
  },
  "status": {
    "coding": [
      {
        "code": "200000005004",
        "system": "https://spor.ema.europa.eu/v1/lists/200000005003",
        "display": "Current"
      }
    ]
  },
  "indication": "Citodon suppositorium är indicerat för vuxna och barn över 12 år (40 kg) vid behandling av  akut måttlig smärta, som inte anses kunna lindras enbart av andra analgetika såsom  paracetamol eller ibuprofen",
  "legalStatusOfSupply": {
    "coding": [
      {
        "code": "100000072085",
        "system": "https://spor.ema.europa.eu/v1/lists/100000072051",
        "display": "Medicinal product subject to special medical prescription"
      }
    ]
  },
  "classification": [
    {
      "coding": [
        {
          "code": "100000093533",
          "system": "https://spor.ema.europa.eu/v1/lists/100000116677",
          "display": "N02AJ06"
        }
      ]
    }
  ],
  "name": [
    {
      "productName": "Citodon® forte 1 g/60 mg Suppositorium"
    }
  ],
  "characteristic": [
    {
      "type": {
        "coding": [
          {
            "code": "200000003187",
            "system": "https://spor.ema.europa.eu/v1/lists/200000003186",
            "display": "combined therapeutic medicine / device"
          }
        ]
      }
    }
  ]
}
