{
  "resourceType": "MedicinalProductDefinition",
  "id": "Nitrolingual04mgdossublingualspray-SE-PLC-MedicinalProductDef",
  "meta": {
    "profile": [
      "http://unicom-project.eu/fhir/StructureDefinition/PPLMedicinalProductDefinition"
    ]
  },
  "identifier": [
    {
      "system": "http://ema.europa.eu/fhir/mpId",
      "value": "SE-100000609-00011928"
    },
    {
      "system": "http://ema.europa.eu/fhir/eurdId",
      "value": "1552"
    }
  ],
  "combinedPharmaceuticalDoseForm": {
    "coding": [
      {
        "code": "100000143499",
        "system": "https://spor.ema.europa.eu/v1/lists/200000000004~200000000006~200000000007~200000000008",
        "display": "Sublingual spray, solution"
      }
    ]
  },
  "domain": {
    "coding": [
      {
        "code": "100000000012",
        "system": "https://spor.ema.europa.eu/v1/lists/100000000004",
        "display": "Human use"
      }
    ]
  },
  "status": {
    "coding": [
      {
        "code": "200000005004",
        "system": "https://spor.ema.europa.eu/v1/lists/200000005003",
        "display": "Current"
      }
    ]
  },
  "indication": "Kupering av angina pectorisattack.  Profylaktiskt, omedelbart före en ansträngning som erfarenhetsmässigt kan utlösa angina pectoris  Initial, symtomlindrande behandling vid misstanke på akut coronart syndrom  Initial, symtomlindrande behandling vid akut vänsterkammarsvikt  Vid katerinducerad spasm i kranskärl.",
  "legalStatusOfSupply": {
    "coding": [
      {
        "code": "100000072084",
        "system": "https://spor.ema.europa.eu/v1/lists/100000072051",
        "display": "Medicinal product subject to medical prescription"
      }
    ]
  },
  "classification": [
    {
      "coding": [
        {
          "code": "100000094611",
          "system": "https://spor.ema.europa.eu/v1/lists/100000093533",
          "display": "C01DA02"
        }
      ]
    }
  ],
  "name": [
    {
      "productName": "Nitrolingual 0,4 mg/dos sublingualspray"
    }
  ]
}
