{
  "resourceType": "MedicinalProductDefinition",
  "id": "IMAkrkadd-400mg-Tablet-SE-IS-MedicinalProductDefinition",
  "meta": {
    "profile": [
      "http://unicom-project.eu/fhir/StructureDefinition/PPLMedicinalProductDefinition"
    ]
  },
  "identifier": [
    {
      "system": "http://ema.europa.eu/fhir/mpId",
      "value": "SE-100000627-00052196"
    },
    {
      "system": "http://ema.europa.eu/fhir/eurdId",
      "value": "1725"
    }
  ],
  "combinedPharmaceuticalDoseForm": {
    "coding": [
      {
        "code": "100000073665",
        "system": "https://spor.ema.europa.eu/v1/lists/200000000004",
        "display": "Film-coated tablet"
      }
    ]
  },
  "domain": {
    "coding": [
      {
        "code": "100000000012",
        "system": "https://spor.ema.europa.eu/v1/lists/100000000004",
        "display": "Human use"
      }
    ]
  },
  "status": {
    "coding": [
      {
        "code": "200000005004",
        "system": "https://spor.ema.europa.eu/v1/lists/200000005003",
        "display": "Current"
      }
    ]
  },
  "indication": "Imatinib Krka d.d. är indicerat för behandling av: - vuxna och barn med nydiagnostiserad Philadelphiakromosom- (bcr-abl)-positiv (Ph+) kronisk  myeloisk leukemi (KML), för vilka benmärgstransplantation inte är en förstahandsbehandling. - vuxna och barn med (Ph+)-KML i kronisk fas efter terapisvikt med interferon alfa-behandling,  eller i accelererad fas eller blastkris. - vuxna och barn med nyligen diagnosticerad Philadelphia-kromosom-positiv akut lymfoblastisk  leukemi (Ph+ ALL) tillsammans med kemoterapi. - vuxna patienter med recidiverande eller refraktär Ph+ ALL som monoterapi. - vuxna patienter med myelodysplastiska/myeloproliferativa sjukdomar (MDS/MPD) förenat med  rearrangemang av platelet-derived growth factor receptor (PDGFR)-genen. - vuxna patienter med avancerat hypereosinofilt syndrom (HES) och/eller kronisk eosinofil  leukemi (CEL) med FIP1L1-PDGFRα-rearrangemang. Effekten av Imatinib Krka d.d. på utfallet av benmärgstransplantation har inte undersökts. 2 Imatinib Krka d.d. är indicerat för: - behandling av vuxna patienter med Kit (CD 117)-positiva, icke-resecerbara och/eller  metastaserande, maligna gastrointestinala stromacellstumörer (GIST). - adjuvant behandling av vuxna patienter som löper en signifikant risk för recidiv efter resektion  av Kit (CD117)-positiv GIST. Patienter som löper låg eller mycket låg risk för återfall ska inte  få adjuvant behandling. - behandling av vuxna patienter med icke-resecerbara dermatofibrosarkoma protuberans (DFSP)  och vuxna patienter med återkommande och/eller metastaserande DFSP som är olämpliga att  operera. Hos vuxna och barn baseras effekten av imatinib på det sammantagna hematologiska och  cytogenetiska svaret och progressionsfri överlevnad vid KML, på hematologiskt och cytogenetiskt  respons vid Ph+ ALL, MDS/MPD, på hematologisk respons vid HES/CEL och på objektiv  tumörrespons hos vuxna patienter vid icke-resecerbara och/eller metastaserande GIST och DFSP och  på återfallsfri överlevnad vid adjuvant GIST. Erfarenheten av imatinib hos patienter med MDS/MPD  förenat med rearrangemang PDGFR-genen är mycket begränsat (se avsnitt 5.1). Förutom vid nyligen  diagnosticerad KML i kronisk fas finns det inga kontrollerade studier som visar på en klinisk nytta  eller ökad överlevnad för dessa sjukdomar.",
  "legalStatusOfSupply": {
    "coding": [
      {
        "code": "100000072084",
        "system": "https://spor.ema.europa.eu/v1/lists/100000072051",
        "display": "Medicinal product subject to medical prescription"
      }
    ]
  },
  "classification": [
    {
      "coding": [
        {
          "code": "100000093533",
          "system": "https://spor.ema.europa.eu/v1/lists/100000116677",
          "display": "L01EA01"
        }
      ]
    }
  ],
  "name": [
    {
      "productName": "Imatinib Krka d.d 400 mg Filmdragerad tablett"
    }
  ]
}
