{
  "resourceType": "MedicinalProductDefinition",
  "id": "MorfinMeda-20mg-Tablet-SE-BS-MedicinalProductDefinition",
  "meta": {
    "profile": [
      "http://unicom-project.eu/fhir/StructureDefinition/PPLMedicinalProductDefinition"
    ]
  },
  "identifier": [
    {
      "system": "http://ema.europa.eu/fhir/mpId",
      "value": "SE-100001270-00013045"
    },
    {
      "system": "http://ema.europa.eu/fhir/eurdId",
      "value": "10549"
    }
  ],
  "combinedPharmaceuticalDoseForm": {
    "coding": [
      {
        "code": "100000073664",
        "system": "https://spor.ema.europa.eu/v1/lists/200000000004~200000000006~200000000007~200000000008",
        "display": "Tablet"
      }
    ]
  },
  "domain": {
    "coding": [
      {
        "code": "100000000012",
        "system": "https://spor.ema.europa.eu/v1/lists/100000000004",
        "display": "Human use"
      }
    ]
  },
  "status": {
    "coding": [
      {
        "code": "200000005004",
        "system": "https://spor.ema.europa.eu/v1/lists/200000005003",
        "display": "Current"
      }
    ]
  },
  "indication": "Svår opioidkänslig smärta, såsom smärta vid cancer.",
  "legalStatusOfSupply": {
    "coding": [
      {
        "code": "100000072085",
        "system": "https://spor.ema.europa.eu/v1/lists/100000072051",
        "display": "Medicinal product subject to special medical prescription"
      }
    ]
  },
  "classification": [
    {
      "coding": [
        {
          "code": "100000097139",
          "system": "https://spor.ema.europa.eu/v1/lists/100000093533",
          "display": "N02AA01"
        }
      ]
    }
  ],
  "name": [
    {
      "productName": "Morfin Meda 20 mg tablett"
    }
  ]
}
