{
  "resourceType": "MedicinalProductDefinition",
  "id": "TramadolRetardActavis100mgdepot-SE-PLC-MedicinalProductDef",
  "meta": {
    "profile": [
      "http://unicom-project.eu/fhir/StructureDefinition/PPLMedicinalProductDefinition"
    ]
  },
  "identifier": [
    {
      "system": "http://ema.europa.eu/fhir/mpId",
      "value": "SE-100000064-00024560"
    },
    {
      "system": "http://ema.europa.eu/fhir/eurdId",
      "value": "3002"
    }
  ],
  "combinedPharmaceuticalDoseForm": {
    "coding": [
      {
        "code": "100000073683",
        "system": "https://spor.ema.europa.eu/v1/lists/200000000004~200000000006~200000000007~200000000008",
        "display": "Prolonged-release tablet"
      }
    ]
  },
  "domain": {
    "coding": [
      {
        "code": "100000000012",
        "system": "https://spor.ema.europa.eu/v1/lists/100000000004",
        "display": "Human use"
      }
    ]
  },
  "status": {
    "coding": [
      {
        "code": "200000005004",
        "system": "https://spor.ema.europa.eu/v1/lists/200000005003",
        "display": "Current"
      }
    ]
  },
  "indication": "Behandling av måttlig till svår smärta.",
  "legalStatusOfSupply": {
    "coding": [
      {
        "code": "100000072084",
        "system": "https://spor.ema.europa.eu/v1/lists/100000072051",
        "display": "Medicinal product subject to medical prescription"
      }
    ]
  },
  "classification": [
    {
      "coding": [
        {
          "code": "100000097261",
          "system": "https://spor.ema.europa.eu/v1/lists/100000093533",
          "display": "N02AX02"
        }
      ]
    }
  ],
  "name": [
    {
      "productName": "Tramadol Retard Actavis 100 mg depottablett"
    }
  ]
}
