{
  "resourceType": "MedicinalProductDefinition",
  "id": "Ventoline2mgmllosningnebulisator-SE-PLC-MedicinalProductDef",
  "meta": {
    "profile": [
      "http://unicom-project.eu/fhir/StructureDefinition/PPLMedicinalProductDefinition"
    ]
  },
  "identifier": [
    {
      "system": "http://ema.europa.eu/fhir/mpId",
      "value": "SE-100000307-00011088"
    },
    {
      "system": "http://ema.europa.eu/fhir/eurdId",
      "value": "10330"
    }
  ],
  "combinedPharmaceuticalDoseForm": {
    "coding": [
      {
        "code": "100000073835",
        "system": "https://spor.ema.europa.eu/v1/lists/200000000004~200000000006~200000000007~200000000008",
        "display": "Nebuliser solution"
      }
    ]
  },
  "domain": {
    "coding": [
      {
        "code": "100000000012",
        "system": "https://spor.ema.europa.eu/v1/lists/100000000004",
        "display": "Human use"
      }
    ]
  },
  "status": {
    "coding": [
      {
        "code": "200000005004",
        "system": "https://spor.ema.europa.eu/v1/lists/200000005003",
        "display": "Current"
      }
    ]
  },
  "indication": " För symtomlindring av bronkkonstriktion vid astma och för lindring av svåra akuta och kroniska kramptillstånd i luftvägarna (KOL). Ventoline lösning för nebulisator är indicerat för vuxna, ungdomar och barn i åldern 4 till 11 år.",
  "legalStatusOfSupply": {
    "coding": [
      {
        "code": "100000072084",
        "system": "https://spor.ema.europa.eu/v1/lists/100000072051",
        "display": "Medicinal product subject to medical prescription"
      }
    ]
  },
  "classification": [
    {
      "coding": [
        {
          "code": "100000098065",
          "system": "https://spor.ema.europa.eu/v1/lists/100000093533",
          "display": "R03AC02"
        }
      ]
    }
  ],
  "name": [
    {
      "productName": "Ventoline 2 mg/ml lösning för nebulisator"
    }
  ]
}
