{
  "resourceType": "PackagedProductDefinition",
  "id": "Xylo10-Adr5-InjSol-SE-AJ-PackagedProductDefinition",
  "meta": {
    "profile": [
      "http://unicom-project.eu/fhir/StructureDefinition/PPLPackagedProductDefinition"
    ]
  },
  "identifier": [
    {
      "system": "http://ema.europa.eu/example/pcid"
    }
  ],
  "packaging": {
    "type": {
      "coding": [
        {
          "system": "https://spor.ema.europa.eu/v1/lists/100000073346",
          "code": "100000073498",
          "display": "Box"
        }
      ]
    },
    "quantity": 1
  },
  "containedItemQuantity": [
    {
      "value": 5,
      "code": "200000002158",
      "system": "http://spor.ema.europa.eu/v1/lists/200000000014",
      "unit": "Vial"
    }
  ],
  "packageFor": [
    {
      "reference": "MedicinalProductDefinition/Xylo10-Adr5-InjSol-SE-AJ-MedicinalProductDefinition"
    }
  ],
  "description": "Injektionsflaska, 5 x 20 ml",
  "marketingStatus": [
    {
      "country": {
        "coding": [
          {
            "code": "100000000535",
            "system": "https://spor.ema.europa.eu/v1/lists/100000000002",
            "display": "Sweden"
          }
        ]
      },
      "status": {
        "coding": [
          {
            "code": "100000072083",
            "system": "https://spor.ema.europa.eu/v1/lists/100000072052",
            "display": "Marketed"
          }
        ]
      }
    }
  ]
}
