{
  "resourceType": "RegulatedAuthorization",
  "id": "AMLaurobindo-10mg-Tablet-SE-IS-RegulatedAuthorization",
  "meta": {
    "profile": [
      "http://unicom-project.eu/fhir/StructureDefinition/PPLRegulatedAuthorization"
    ]
  },
  "type": {
    "coding": [
      {
        "system": "https://spor.ema.europa.eu/v1/lists/220000000060",
        "code": "220000000061",
        "display": "Marketing Authorisation"
      }
    ]
  },
  "identifier": [
    {
      "system": "http://ema.europa.eu/fhir/marketingAuthorizationNumber",
      "value": "28120"
    }
  ],
  "subject": [
    {
      "reference": "MedicinalProductDefinition/AMLaurobindo-10mg-Tablet-SE-IS-MedicinalProductDefinition"
    }
  ],
  "region": [
    {
      "coding": [
        {
          "code": "100000000535",
          "system": "https://spor.ema.europa.eu/v1/lists/100000000002",
          "display": "Sweden"
        }
      ]
    }
  ],
  "status": {
    "coding": [
      {
        "code": "100000072099",
        "system": "https://spor.ema.europa.eu/v1/lists/100000072049",
        "display": "Valid"
      }
    ]
  },
  "statusDate": "2009-11-20",
  "case": {
    "type": {
      "coding": [
        {
          "code": "dateOfFirstAuthorisation",
          "system": "https://ema.europa.eu/fhir/authorisationDateType",
          "display": "First Authorisation"
        }
      ]
    },
    "dateDateTime": "2009-11-20"
  },
  "holder": {
    "reference": "Organization/LOC-100001116"
  }
}
